<?xml version="1.0" encoding="utf-8" standalone="no" ?>
<modDesc descVersion="61">
    <author>luca1197</author>
    <version>1.0.0.0</version>

    <title>
        <en>Strong Farmer</en>
        <de>Starker Landwirt</de>
    </title>

    <description>
        <en><![CDATA[The well-known "Strong Farmer" mod for Farming Simulator 19 finds its way into Farming Simulator 22.

With the help of this mod, heavy objects like tractors, attachments, logs, pallets and BigBags can be lifted from a great distance. The maximum weight is 100 metric tonnes and the maximum distance is 15 metres.]]></en>
        <de><![CDATA[Die aus dem Landwirtschafts-Simulator 19 bekannte Mod "Starker Bauer" findet ihren Weg in den Landwirtschafts-Simulator 22.

Mit Hilfe dieser Modifikation können schwere Objekte wie Traktoren, Anbaugeräte, Holzstämme, Paletten und BigBags aus großer Distanz angehoben werden. Das Maximalgewicht beträgt hierbei 100 Tonnen und die maximale Distanz 15 Meter.]]></de>
    </description>

    <multiplayer supported="true"/>
    <iconFilename>modIcon.dds</iconFilename>

    <extraSourceFiles>
        <sourceFile filename="StrongFarmer.lua"/>
    </extraSourceFiles>
</modDesc>
