<?xml version="1.0" encoding="utf-8" standalone="no" ?>
<modDesc descVersion="61">
    <author>Barbicha</author>
    <version>1.0.0.0</version>
    <title>
        <en>Water trigger</en>
        <de>Wassereinfüllstelle</de>
        <fr>Point de remplissage d'eau</fr>
    </title>
    <description>
        <en>
            <![CDATA[Water trigger.
to place at waterpond streams.

Price: 1000 $
Daily upkeep: 5$ /day
]]>
        </en>
    </description>
    <iconFilename>icon.png</iconFilename>
    <multiplayer supported="true" />
    <storeItems>
        <storeItem xmlFilename="watertrigger.xml"/>
    </storeItems>

</modDesc>