﻿<?xml version="1.0" encoding="utf-8" standalone="no" ?>
<modDesc descVersion="61">
    <author>Raxxtor</author>
    <version>1.3.0.0</version>
	<title>
        <en>Shelf</en>
		<de>Paletten Regal</de>
		<fr>ragal du palett</fr>
    </title>
    <description>
        <en>
		    <![CDATA[Here is a placeable palletshelf for your farm]]>
		</en>
		<de>
		    <![CDATA[Hier einplatzierbares Palettenregal zum lagern eurer Paletten]]>
		</de>
		<fr>
		    <![CDATA[oui]]>
		</fr>
	</description>
	
    <iconFilename>icon.dds</iconFilename>
	<multiplayer supported="true"/>
	
    <storeItems>
        <storeItem rootNode="placeable" xmlFilename="shelf.xml"/>
    </storeItems>
	
	<brands>
		<brand name="LIZARD" title="Lizard" />
	</brands>
</modDesc>
