<?xml version="1.0" encoding="utf-8" standalone="no" ?>
<!-- <placeable type="sign"> -->
<placeable type="windTurbine">
    <storeData>
        <name>Palettenregal</name>
        <image>shelf.dds</image>
        <price>2500</price>
        <dailyUpkeep>0</dailyUpkeep>
        <canBeSold>true</canBeSold>
        <showInStore>true</showInStore>
        <lifetime>1000</lifetime>
        <rotation>0</rotation>
        <brand>NONE</brand>
        <species>placeable</species>
        <category>placeableMisc</category>
        <brush>
            <type>placeable</type>
            <category>production</category>
            <tab>generators</tab>
        </brush>
        <vertexBufferMemoryUsage>4608</vertexBufferMemoryUsage>
        <indexBufferMemoryUsage>768</indexBufferMemoryUsage>
        <textureMemoryUsage>655360</textureMemoryUsage>
        <audioMemoryUsage>0</audioMemoryUsage>
        <instanceVertexBufferMemoryUsage>0</instanceVertexBufferMemoryUsage>
        <instanceIndexBufferMemoryUsage>0</instanceIndexBufferMemoryUsage>
    </storeData>

    <base>
        <filename>shelf.i3d</filename>
    </base>

    <placement useRandomYRotation="false" useManualYRotation="true">
        <testAreas>
            <testArea startNode="0>1|0" endNode="0>1|0|0" />
        </testAreas>
    </placement>

    <clearAreas />

    <leveling requireLeveling="true" />

    <indoorAreas />

    <tipOcclusionUpdateAreas />
	
	<ai>
        <updateAreas>
            <updateArea startNode="0>1|0" endNode="0>1|0|0" />
        </updateAreas>
    </ai>


    <windTurbine optimalWindSpeed="0.00000001" />

    <incomePerHour>0</incomePerHour>
</placeable>
